cctrt_id,estimate,std.error,df,statistic,p.value,letter_sig,resp_var
rad_M,4.1482740115192485,0.1594233196247615,3,26.020497009365634,1.245144126321585e-4,a,crop_yield
nocc,3.939809510377425,0.1594233196247615,3,24.712880898796044,1.4526016278840063e-4,ab,crop_yield
mix_M,3.8907701164561157,0.15942331962476142,3,24.405276001113997,1.5079982871488064e-4,b,crop_yield
rad_L,3.8704706827938953,0.15942331962476172,3,24.27794560986379,1.5317530058540536e-4,b,crop_yield
mix_E,3.8391376375566115,0.15942331962476142,3,24.08140569769143,1.5694076888960335e-4,b,crop_yield
