cctrt_id,estimate,std.error,df,statistic,p.value,letter_sig,resp_var
rad_M,4.198646474817042,0.16124163655947207,3,26.039468244099723,1.242434215776994e-4,a,crop_yield
nocc,3.904897694193391,0.161241636559472,3,24.217675890142168,1.5431708105840243e-4,b,crop_yield
rad_L,3.9048689923402238,0.16124163655947207,3,24.217497884921052,1.543204700432373e-4,b,crop_yield
mix_M,3.865627935822364,0.16124163655947116,3,23.97412987306535,1.590481618532087e-4,b,crop_yield
mix_E,3.822359846991057,0.1612416365594718,3,23.70578672203709,1.644873375839237e-4,b,crop_yield
