column,n,mean,sd,median,trimmed,mad,min,max,range,skew,kurtosis,se
numDF,16,5.625,4.7871355387816905,4,5.214285714285714,2.5,1,16,15,1.1809039627319797,3.376185652892562,1.1967838846954226
denDF,16,206.4375,97.97480543486678,252,217.71428571428572,0,3,252,249,-1.6027343377010006,3.5712768859419555,24.493701358716695
F-value,16,49.4271995863367,173.9080503197684,0.9751200385916434,6.623744392650485,0.5196663261826293,0.09009228794482205,698.0126795963356,697.9225873083908,3.5514117324996684,13.762987377513467,43.4770125799421
p-value,16,0.3934274849304968,0.3326009740206762,0.44858557241173186,0.38876311666512064,0.3302624353027451,0,0.8521561255762591,0.8521561255762591,0.003457644295938832,1.3262446198140019,0.08315024350516904
